NRIC,Name,Gender,BloodType,Disease,Age,Zipcode,BMI,DateOfDiagnosis
T0581222F,Russell Waldbauer,M,O,Nipah,63,281223,28.7,2001-06-20
F0005772O,Latoya Brown,M,AB,Conjunctivitis,42,587904,37.2,2011-06-02
T7303748A,Robert Benthall,M,A,Typhoid,85,770807,27.0,1990-08-23
T6353952U,Pearl Almaraz,F,B,HIV/ AIDS,27,187483,31.2,2003-10-15
T0357152V,Jean Fulker,F,A,HIV/ AIDS,34,624914,36.2,2000-04-20
F7038577Z,Heather Boyd,F,O,Dengue,70,271920,23.0,2018-08-24
S5150137K,Ella Primavera,F,AB,Food Poisoning,41,531728,33.3,2001-07-26
S4618241G,Richard Keffer,F,O,Influenza,42,133913,30.3,2020-12-14
S9635216J,Marvin Rice,F,AB,Dengue,69,381875,22.9,2010-09-30
S6505606X,Linda Erickson,F,AB,Measles,54,218052,32.6,2003-07-09
G2481867Q,Edith Ward,M,O,COVID-19,21,175921,19.6,1998-04-29
G9220162H,Eric Heard,F,B,Pneumococcal,18,313658,38.4,2002-11-24
F7453159E,Maryellen Graham,F,A,Food Poisoning,60,687220,34.4,2005-07-30
T8270500P,Donald Perdomo,F,AB,Typhoid,82,595830,28.9,2002-09-21
T6665532E,Mickey Williams,F,O,Food Poisoning,71,257642,37.8,1991-03-09
T1688605S,Franklin Brodie,F,AB,Influenza,46,474645,38.1,2019-01-04
T2348749N,Adrienne Clark,F,A,Measles,22,565562,35.7,2013-04-06
G0177418L,Rosalyn Petersen,F,O,COVID-19,82,571872,18.7,1999-07-03
T5374411Z,Timothy Cleckler,F,A,Cholera,49,355014,19.5,2013-08-20
F6817959Y,Jeffrey Claggett,F,O,Rabies,24,243740,28.2,2016-04-01
S8341594Q,Gloria Hayden,M,AB,HIV/ AIDS,52,568871,22.7,2007-03-28
F7889685W,Claudia Laxen,F,A,Smallpox,58,344752,25.9,2021-02-19
T9469687M,Kay Luke,F,AB,HIV/ AIDS,46,716014,32.6,1991-08-06
S3027186Z,Ruth Dudley,F,O,Cholera,18,394500,28.0,2014-12-25
F0331094P,Thomas Andrews,M,O,Conjunctivitis,80,240589,38.7,2013-10-09
F5899653O,Wilburn Delong,M,B,Dengue,38,382164,25.7,2013-03-26
S3388048K,Sherri Bartholomew,F,O,Diphtheria,39,666125,32.7,1997-07-01
F7890635D,Rita Rice,F,AB,Influenza,49,412742,38.9,1994-04-16
G6791543B,Johnny Butler,M,B,Chickenpox,66,485704,24.1,2014-04-14
F3046464J,Ron Walker,M,AB,Conjunctivitis,67,601481,18.7,2010-01-06
T7469954W,Teresa Benton,M,A,Mumps,82,109798,28.1,2013-02-27
G5518386I,Ann Wood,F,O,Hepatitis,87,802121,30.0,2009-09-15
T7466001W,Wendy Garver,M,A,Plague,65,361145,25.0,2006-04-14
S6727324Q,Connie Brown,F,A,Influenza,73,333245,32.0,1993-12-08
G3263205X,Christian Baker,M,AB,Malaria,72,277827,20.6,2007-09-26
S1157888S,Aaron Akins,F,O,Plague,52,563276,32.8,2012-01-11
T8884999K,Charlotte Morrison,F,A,Anthrax,67,340058,22.0,2010-05-02
T2950551Y,Diana Vigil,M,A,Pneumococcal,75,305615,28.9,2010-06-07
S3237895J,Christopher Baker,F,A,Chickenpox,35,293161,25.6,2003-05-12
T1358500I,Maureen Tang,F,A,Mumps,86,713337,26.4,1994-12-19
T1782874J,Virginia Smith,M,B,Chickenpox,53,422336,25.6,2004-10-15
S8938484C,Mary Mitchell,M,AB,HIV/ AIDS,43,639621,31.5,2010-12-30
T1677818X,James Bison,M,AB,Pneumococcal,62,467140,28.5,2019-10-20
G3497989H,Robert Bemrose,F,AB,Anthrax,86,172078,18.7,2002-10-26
S9222378W,Maude Murphy,F,A,Food Poisoning,44,540149,18.8,1995-02-18
G6801049V,Carol Lowe,F,AB,Mumps,43,680044,38.8,2004-04-07
F9055673V,Yolando Solomon,M,A,Cholera,87,189662,36.8,2011-03-23
S4687698M,Patricia Johnston,M,A,Typhoid,48,615404,31.4,2005-03-02
S3671765I,Lucia Cote,F,AB,Nipah,65,228295,25.5,2011-01-14
S1371632O,Brent Armstong,M,B,Hepatitis,34,647284,21.7,1996-09-19
F1374750W,Christopher Baber,M,B,Chickenpox,50,233789,22.0,2003-09-02
T0608419P,Velma Judd,F,AB,Typhoid,83,723435,34.2,2018-09-17
F9438526Q,Kenneth Kirschman,M,B,Food Poisoning,48,161989,35.2,1991-06-12
T0175968B,James Allen,F,AB,Conjunctivitis,64,736751,37.0,2019-09-30
G0705286D,Joan Ewing,M,A,Smallpox,86,384859,34.0,1995-05-25
F5302865T,Laura Ferree,M,O,Hepatitis,21,505329,38.6,2003-01-14
F2024908T,James Collins,M,A,Chickenpox,32,398404,28.6,2008-04-04
G7381224H,Lee Vandusen,M,B,Dengue,28,341959,25.7,2015-03-12
G3150252H,Melvin Liebert,M,AB,Chickenpox,36,303850,39.6,1995-10-08
S2710287C,Mariam Jarvis,M,O,HIV/ AIDS,32,631529,35.6,1998-05-23
F5449551F,Laura Snodgrass,F,A,Smallpox,71,782678,23.8,1993-01-21
G6095830U,Virginia Warren,F,A,Rabies,82,571712,39.1,1998-06-02
T6339404V,Mary Burgess,M,A,Anthrax,67,315866,25.4,2006-02-18
G2045265Z,Juan Huntington,M,AB,Typhoid,40,570587,36.9,2020-12-21
S2846056L,Garry Chase,M,B,COVID-19,59,555834,30.3,2005-01-20
S9665474U,Gerald Libengood,M,A,Dengue,32,734149,23.8,2021-09-08
S9196290N,Lisa Black,F,B,Tuberculosis,89,458798,27.6,1998-10-27
G6739087C,Christine Shaw,F,A,Nipah,62,671770,19.4,2019-07-18
G9248164Q,Jessica Momphard,F,B,Food Poisoning,51,556329,33.5,2011-12-09
G1747268P,Wayne Kraus,M,A,Hepatitis,76,372444,18.8,2005-10-26
F9823978N,Tonya Waldecker,F,AB,Rabies,61,452017,31.9,2012-04-10
S9575880Q,Christopher Ridenour,F,O,Conjunctivitis,56,562620,23.7,2017-11-26
G8333400Z,Sarah Howard,F,B,Malaria,29,752924,35.8,2022-04-04
G2467577A,Joseph Hager,F,O,Tuberculosis,46,107383,24.2,2019-03-09
G4808530M,Michael Romero,M,AB,Plague,36,580100,33.4,2021-10-13
T8342277U,Charles Southern,M,A,Diphtheria,22,593281,34.8,2018-04-05
G4138417L,Margaret Whit,F,AB,Diphtheria,71,568152,19.7,1994-04-14
G1072714R,Kyung Garris,M,AB,Chickenpox,46,346050,30.7,2006-10-09
S6754779S,Jennifer Garrison,M,AB,Smallpox,87,364437,23.7,2003-11-27
G1476910X,Charles French,M,O,Anthrax,21,599556,31.7,1991-07-26
G5853643U,Juanita Schroeder,M,A,Diphtheria,59,114273,24.4,2013-11-28
G5134574K,Seth Price,F,O,Influenza,63,767022,29.0,2020-09-07
G9101262S,Susanne Koehler,M,AB,Anthrax,65,404483,38.5,1990-03-15
F8258646M,Marjorie Melton,F,A,Rubella,82,555254,30.9,2009-03-03
S8932426K,Brian Redmond,F,A,Chickenpox,39,497704,35.5,2009-05-27
T3294215Y,Mitchell Smith,M,A,Dengue,38,277214,35.5,1995-03-22
S2141681Q,Gary Milton,M,B,Tuberculosis,48,208210,32.3,2001-09-25
T5514499N,Terry Perez,M,O,Dengue,87,151048,24.8,2013-01-16
F7327785N,Marlon Mendoza,M,AB,Chickenpox,87,624431,20.2,2016-02-07
T4164153I,Linda Thompson,F,O,Dengue,40,251368,34.5,2021-10-30
T3496607G,Flora Madigan,F,AB,Diphtheria,35,336948,38.5,2003-04-12
F1037428W,Mirtha Taylor,F,A,Hepatitis,69,654868,35.3,2003-08-06
G2606590F,Melinda Miller,M,O,Hepatitis,89,739084,38.4,1992-10-02
T9219581D,Gwen Lepard,M,B,Malaria,31,626737,19.4,1997-01-20
G1325611Q,Timothy Kingsley,F,O,Mumps,25,625128,24.7,1995-06-29
T1587397E,Ann Decaro,F,O,Typhoid,89,472447,38.2,2014-05-04
G5503341U,Timothy Hopkins,F,B,Tuberculosis,33,654490,22.1,1990-11-17
S5204796Q,Carlos Wisneski,M,O,Measles,78,560412,35.2,2014-11-17
T5471683F,Sandra Coffman,F,O,Dengue,52,528659,26.5,2015-09-18
T7935676K,Wilfred Jeanette,M,O,Mumps,77,555128,38.1,1995-12-16
G2522966Y,Angelica Carson,M,O,Cholera,36,552425,28.1,1993-10-17
G4976879R,Simone Morgan,M,AB,Tuberculosis,66,104523,34.7,2006-01-17
F3007013G,Maurice Tavares,M,AB,Mumps,75,572838,39.4,2013-12-05
S2391571I,Margarita Leadbetter,M,O,Cholera,73,189293,19.2,2008-09-23
S8777323I,Angelina Silberman,M,AB,Chickenpox,28,649511,27.7,2012-04-28
T6454661K,George Padgett,F,O,Plague,23,589854,35.2,2007-04-24
S4190526H,Faye Coleman,F,AB,Diphtheria,30,445540,18.8,2010-01-17
T1408910J,Ted Osborn,F,AB,Measles,60,528784,29.9,1993-03-17
T0446522Q,Betty Robinson,M,O,Cholera,28,679975,38.0,1996-06-25
G8705152Z,Steven Witzke,F,A,Nipah,19,748385,29.9,2004-11-01
S8967118Y,Lisa Cayo,F,AB,Malaria,35,735013,30.7,2020-02-21
G4162955M,Charles Higgins,M,AB,Chikungunya,54,269965,20.7,2019-09-07
G9462877R,Joyce Campbell,M,B,Food Poisoning,49,254063,24.3,2000-03-12
S7489683A,Roger Romero,F,O,Nipah,83,424755,38.6,1999-05-10
G7109658R,Helen King,F,O,HIV/ AIDS,67,528240,34.3,2002-12-21
G2691487J,Stephanie Firestine,M,O,Nipah,44,577502,24.1,2007-10-07
F6290927S,Tod Mccoy,F,O,Rubella,78,565115,36.2,1996-05-07
G0209245U,Milton Mcmorran,M,B,Chickenpox,72,760186,33.1,2005-11-13
S7732085R,Brandy Kelley,M,O,Conjunctivitis,62,793085,21.8,2009-07-22
T4811025B,Edward Temples,F,A,Chikungunya,28,570285,29.8,2010-03-25
T0597987W,Florene Dishaw,M,B,HIV/ AIDS,86,732983,34.2,2017-07-23
T7697612E,Candice Kimball,F,AB,Mumps,24,140496,39.1,1995-07-25
G6828220Q,Richard Stieger,M,B,Chickenpox,70,358383,30.6,2014-06-15
S0997913S,Dwayne Ellison,F,A,Cholera,48,307594,37.2,2016-10-27
G2385774J,Holly Ratledge,F,B,COVID-19,35,125375,23.9,1990-08-14
G5960116F,Nikia Schade,M,A,Smallpox,64,599829,27.1,1997-11-02
F8759853S,Linda Ham,M,A,Cholera,73,234411,39.2,2020-04-03
T1912988B,Paul Campbell,M,A,Diphtheria,26,356774,38.4,2009-02-22
F1398654H,Tricia Blumhardt,F,B,HIV/ AIDS,29,477778,19.3,1990-12-25
T3167787K,Carmen Gunning,F,A,Rabies,87,584990,36.9,2003-10-08
F7789985R,Mary Bowen,M,AB,Diphtheria,37,399108,27.9,2012-05-07
S9682769T,Thomas Anspach,M,O,Tuberculosis,21,592303,23.9,2002-01-03
T5066422X,Troy Adams,M,B,Chickenpox,20,352873,29.9,1996-02-11
G9640020P,Steve Raymond,F,O,Food Poisoning,49,463653,24.5,2011-06-01
F8210840N,Vito Johnson,F,O,COVID-19,32,634952,26.0,1996-09-18
F9425544Q,Albert Smith,M,AB,Food Poisoning,66,761963,28.9,2007-06-13
G4329113V,Laura Bellanger,M,O,Anthrax,83,252126,29.7,1991-02-24
F7914247B,Jenna Stell,M,O,Rabies,21,703132,27.9,2018-03-08
G4471975T,Jose Hodges,M,O,Dengue,37,747167,23.4,2005-02-16
G4150312E,Margot Sheeran,M,O,Nipah,21,396258,27.0,2010-05-16
G7438424S,Ronald Barkley,F,A,Nipah,33,597586,22.9,2014-06-03
T1986465E,Lawrence Roach,M,O,Conjunctivitis,49,628609,20.9,2015-03-31
F2158745X,Jessica Jones,M,B,Dengue,84,547582,21.9,2007-08-05
T2893260G,Mary Jones,F,AB,Diphtheria,51,226344,32.8,2018-10-04
F1047428N,Dallas Manuel,M,AB,COVID-19,85,621712,24.3,2009-02-25
T5703275H,Anita Dail,M,O,Conjunctivitis,89,158663,30.0,2010-08-16
T0465601D,Jennifer Butters,M,A,Tuberculosis,18,298443,33.3,1990-12-10
F0007525S,Carol Miscione,F,A,Smallpox,45,399202,22.8,2001-03-16
G4627765P,Felicia Bautista,M,B,Malaria,48,457385,25.8,2007-09-27
F7986317E,Hortense Landry,F,A,Malaria,23,247394,25.7,2000-12-08
S9460164G,Yolanda Sanders,F,A,Influenza,68,435951,23.1,2016-04-30
F2369192K,Ina Ortiz,M,A,Mumps,71,417837,19.2,1993-04-02
T7357579F,Al Stone,M,B,HIV/ AIDS,18,759988,19.9,2017-12-03
F3199634A,Thomas Barton,M,O,Typhoid,28,439949,29.6,2007-06-19
T4284336W,Michaela Moss,F,A,Hepatitis,44,705948,24.4,2013-03-14
T4987736A,John Sturm,M,B,Pneumococcal,33,572959,22.8,2021-10-22
S5231146J,Ken Cole,M,O,Dengue,53,230039,31.3,2009-06-16
G4133025L,Leslie Lockhart,M,AB,Chickenpox,23,595226,25.0,2009-07-01
G5668420V,Antonio Wada,M,B,Typhoid,33,610319,23.5,2016-06-30
F2155979F,Marla Mcclaskey,F,AB,Measles,68,285358,23.9,2013-05-12
F7960815U,Sheila Ciresi,F,O,Rabies,37,292519,23.5,2017-04-17
G4404055T,George Pirman,M,B,Rubella,86,294657,34.8,2007-07-01
T6862146I,Mary Mcclain,F,O,Anthrax,56,376955,22.6,1991-04-05
F6744169A,Dale Kimbrough,F,O,Dengue,24,590881,20.1,2014-12-17
S0434064L,Jimmy Moore,F,AB,Anthrax,68,587371,22.3,2003-02-19
S7345803F,Roy Richardson,M,A,Diphtheria,28,472065,28.4,2016-11-11
T0126685N,James Harney,F,B,Diphtheria,40,183940,34.2,2013-02-09
T8851094T,Brian Oshima,M,AB,Malaria,50,444827,37.7,2020-01-09
G3686494L,Jeffrey Vanausdal,F,A,Smallpox,39,741648,32.5,2011-02-17
T3382912U,Thomas Flick,M,AB,Malaria,80,131844,28.3,2022-04-06
T0460616R,Caridad Clements,F,AB,Anthrax,73,242311,32.4,2001-07-14
G3518245N,Robert Salazar,F,AB,Plague,70,357970,25.7,2000-12-09
G4813572E,Charles Pitcherello,M,B,Measles,80,232611,22.2,2015-05-21
S9366164G,Samuel Bass,F,O,Nipah,38,717091,29.2,2005-09-05
F1045617J,Christina Baum,F,AB,Dengue,70,578398,26.4,2021-07-19
F0067577P,David Murphy,M,B,Typhoid,41,726946,35.0,2000-08-06
G3027466V,Audrey Fox,M,B,Influenza,42,703490,28.3,2014-02-12
S1388032B,Kendra Beaulieu,F,A,Food Poisoning,71,119300,35.1,2007-06-04
G4217287L,Sheree Davis,M,A,Conjunctivitis,82,805823,39.7,1990-07-05
G0042152F,Maggie Davis,M,B,Dengue,19,487869,30.6,2011-04-28
F1069916R,Georgia Robertson,M,B,Food Poisoning,47,354123,38.5,2021-06-01
T1682823Q,Timothy Tureson,M,A,Dengue,65,444756,36.0,1994-08-24
F3906823X,James Drake,F,O,Conjunctivitis,31,321426,37.5,1999-02-11
S9419094S,Joshua Caldwell,M,B,Smallpox,31,569097,22.8,1991-05-21
S5912447O,Brian Guo,F,AB,Pneumococcal,19,723235,22.6,2008-08-22
G9410956K,Sara Muhlbauer,F,O,Tuberculosis,42,371803,30.2,2015-10-26
S3033844A,Michael Gream,M,AB,Anthrax,63,223491,27.3,2001-07-30
G2659049M,Kenneth Tedder,F,A,Rubella,73,489029,24.6,2019-03-22
T7711686D,Margaret Keller,F,AB,Chikungunya,79,194792,22.3,2005-01-22
T0381412D,Beverly Wayne,M,O,Cholera,81,611737,22.5,1991-01-06
G3476255T,Steve Mccann,M,AB,Measles,72,648363,22.8,2002-03-08
F9130311A,Terry May,F,A,Food Poisoning,82,396086,24.0,1999-02-22
G2549868J,Clifton Grewe,M,O,Chikungunya,23,528068,20.8,2014-02-05
S0295027P,Delpha Schmal,M,O,Hepatitis,72,753892,33.3,2017-04-29
F5317315V,Stephen Gill,F,B,Chikungunya,37,131740,23.4,1995-12-15
F5789638P,Rafael See,M,A,Hepatitis,44,427086,19.2,2003-02-09
F3329177U,Amy Bailey,M,B,Malaria,69,489531,25.9,2013-04-15
G7367913T,Joseph Spellman,M,O,COVID-19,57,528253,19.8,2006-01-15
S2667860T,Richard Ferrini,F,B,Food Poisoning,56,685700,35.9,1991-04-01
F4453044D,John Outman,M,A,Rubella,60,266710,36.1,2001-05-21
T2091812B,Isabelle Troilo,M,O,Mumps,38,386641,24.9,2009-10-06
T8017340J,Kathryn Elliott,F,B,Conjunctivitis,40,340680,24.5,2004-09-11
T0653116P,Stacy Rustad,M,A,Measles,20,253633,21.9,2008-07-01
S8651791V,Amos Sampson,M,O,Tuberculosis,59,500944,37.5,1992-08-13
G4282892N,Casey Plank,M,AB,Pneumococcal,84,174055,25.3,2020-04-30
T7211601R,Linda Williams,M,O,Typhoid,76,577735,25.8,1994-11-12
S6197386V,Richard Whalen,M,AB,Dengue,65,598265,34.9,2019-08-03
G6684831O,Jose Sandidge,M,A,Malaria,28,439918,35.3,2013-09-26
T4935386J,Bonnie Kramer,M,A,Rabies,44,625450,27.6,1994-11-08
G8615127Q,Kimberly White,M,A,Hepatitis,76,214399,35.9,2013-04-03
S5422779K,Alison Brasure,F,AB,Plague,61,139884,36.1,1991-12-26
F7537497S,Ezra Goode,M,B,Dengue,37,698145,31.9,2010-07-05
S8495926Q,Elizabeth Schoemaker,F,AB,HIV/ AIDS,33,510671,34.8,1991-10-24
S0880536H,Camille Lee,M,AB,Rabies,47,677958,37.3,2004-12-28
T0054602X,Betty Daniel,M,A,Rubella,82,556746,28.5,2017-04-05
T1674233N,Priscilla Balling,M,O,Dengue,67,151425,38.5,2019-03-08
T6895027M,Francine Orouke,M,A,Rubella,47,651054,35.8,1995-10-10
F8656262N,Virgie Humes,M,B,Nipah,75,374307,22.1,2002-03-09
S1155697Y,James Leitheiser,F,B,Chikungunya,56,747086,18.6,2003-02-18
S4183024J,George Hill,M,B,Conjunctivitis,33,682168,25.2,1999-02-16
T7454926P,Chelsey Hines,F,O,HIV/ AIDS,47,516687,37.4,1998-10-29
T7638175P,Thao Wangler,M,O,Anthrax,39,218151,33.3,2001-02-07
S5551292S,Betty Price,F,A,Plague,40,179153,28.6,2022-04-13
S7227387O,Richard Lopze,M,AB,Plague,81,711377,28.1,2014-07-05
T3471538J,James Graham,M,O,Malaria,33,281959,35.3,1993-07-29
G2395940A,Emily Manzano,M,B,Chikungunya,75,755808,29.7,1995-07-27
T7847625S,Harold Sampson,M,AB,Nipah,83,537751,29.2,2002-10-08
T1295428Q,Michelle Mcallister,M,B,Dengue,30,159030,21.5,1997-11-28
G4658748R,Vernon Henderson,F,B,Influenza,53,659017,33.2,2008-02-14
G7425761N,Jorge Lischak,F,B,Smallpox,88,137537,34.4,2015-07-18
T6118620T,Johnnie Daub,F,A,Plague,70,134818,34.2,1998-12-02
T1099811V,David Kuhl,M,A,Rabies,42,589484,38.9,2009-07-01
T7718746I,Janay Stahlman,F,A,Pneumococcal,80,579495,23.9,1990-04-19
G4930648L,Angela Williams,F,A,Typhoid,66,635249,24.1,2014-05-28
G5784512G,Tammy Prieto,M,B,Hepatitis,19,436367,31.8,2004-08-23
T5327618W,Cheryl Rea,F,B,Malaria,83,489518,34.0,1995-03-14
F3840851I,Lois Lorello,F,O,Diphtheria,61,790347,22.8,2014-04-24
T5648469F,Robert Anderson,F,O,Diphtheria,89,418641,35.1,2016-08-13
T8761342H,Everett Murphy,M,B,Hepatitis,89,380565,25.1,1991-08-24
G9115814R,Jeremy Orta,F,O,Influenza,18,412736,36.1,2009-08-24
G7074746O,Leslie Larson,M,AB,Conjunctivitis,73,289903,28.3,1994-08-05
F1191349H,James Molon,M,O,Mumps,54,167144,25.3,2005-02-27
F3268421T,Clarence Wagner,F,AB,HIV/ AIDS,83,333326,28.8,1999-04-15
F0222973A,Geraldine Hagan,M,AB,Anthrax,29,794548,25.7,2000-11-26
T8054272E,Thomas Thompson,M,AB,Mumps,41,160321,34.3,2018-03-24
T7229710C,Matthew Darnell,F,A,Malaria,81,767460,33.3,2020-12-18
F7344457V,Carrie Acevedo,F,O,Diphtheria,55,632312,26.0,2020-01-05
F1370938Z,Larry Douthitt,M,AB,Hepatitis,80,314748,34.3,2018-03-23
G2421897G,Gilbert Nunez,M,B,Chikungunya,28,559497,38.7,1993-01-29
F8079947U,Ina Hatton,M,O,Food Poisoning,70,689941,34.3,2006-08-18
S9303344T,Wanda Chase,F,A,Typhoid,85,719214,33.6,1992-10-12
S0545866Q,Armando Mcelroy,M,B,Influenza,35,381391,25.0,2013-12-15
S6987775P,Ron Ellis,F,AB,Anthrax,45,453717,31.8,2010-12-07
S0956715B,Kimberly Rosa,F,B,Smallpox,31,116414,35.5,2007-11-08
G6532590Z,Arron Leuthold,F,O,HIV/ AIDS,74,701979,32.5,1997-11-09
S7323181S,Jeffrey Lower,F,B,Conjunctivitis,35,618595,21.0,1991-10-31
G5083899P,Dean Lilly,F,A,Diphtheria,80,775086,32.7,2002-06-20
T8593909U,Lawrence Stone,F,AB,Smallpox,64,591715,21.4,2006-06-13
S8192350P,Pamela Bickmore,M,B,Pneumococcal,56,103668,23.8,2018-02-21
F5092354C,Clifton Perez,M,A,Conjunctivitis,37,367583,21.9,2012-10-30
G2230108F,Daniel Munroe,M,AB,Smallpox,26,639814,22.6,1991-05-21
S5824909V,Linda Sult,M,O,Conjunctivitis,68,626438,21.9,2009-04-03
F4279784J,Linda Sizemore,M,A,Pneumococcal,64,534070,26.0,2021-06-20
G3903573I,Larry Aron,M,A,Conjunctivitis,44,143645,18.7,2003-10-29
F0223534Y,Ira Harbour,F,O,HIV/ AIDS,61,804149,37.0,2014-04-06
T3381114Y,Patsy Crump,F,O,Anthrax,25,449881,36.6,1992-03-18
G0738924T,Gladys Flies,F,B,COVID-19,25,640866,35.9,2019-04-07
G3057824Q,Paul Troutman,F,O,Chickenpox,33,508231,26.7,2010-01-23
G4019396U,Elsie Greenway,F,B,Anthrax,80,762014,21.4,2018-04-19
F9759192N,Janice Benson,M,AB,Rabies,50,586678,35.1,2014-03-23
G6941222Q,Lloyd Thomas,F,AB,Mumps,86,607285,21.7,2013-09-22
S3006828B,Mollie Pecoraro,F,B,COVID-19,72,431025,25.6,1996-08-30
S8112107Z,Steve Walker,F,B,Food Poisoning,46,287365,34.4,2002-03-09
F1387438P,Helen Mcglothin,F,A,COVID-19,75,329896,29.7,1994-10-04
S5167527G,Joseph Odell,M,AB,Hepatitis,63,552342,20.2,2008-04-12
S5440008A,Mary Felton,F,O,Mumps,20,407021,26.2,2011-06-15
F1346337X,Cory Galloway,F,O,Malaria,60,183579,20.0,1995-03-06
F9948686K,Carmen Vincent,F,AB,Diphtheria,54,439766,30.7,2010-06-09
F4465806Z,John Evans,F,A,Influenza,47,549610,27.9,2016-02-01
F3187787N,James Booker,M,A,Typhoid,64,574503,31.5,1991-02-08
T1705191Z,Wayne Coy,F,AB,Hepatitis,85,199413,31.0,1999-05-14
G0843707S,Latrina Lewis,F,A,Nipah,82,207804,24.6,2020-10-02
G1882041F,Vicky Harris,F,AB,Diphtheria,41,719937,23.0,2011-08-23
F6381182M,Carl Nickel,M,B,Tuberculosis,77,229364,19.7,2018-09-01
G6848910R,Kimberly Crain,M,B,Malaria,81,119156,21.5,2010-04-26
F6911724B,Janet Crawford,M,O,HIV/ AIDS,41,517880,19.7,1997-03-11
S3843618G,Joni Oliver,M,B,Measles,74,369916,27.1,2013-06-17
F3122423Q,David Andrews,M,B,Nipah,84,551964,22.7,2009-10-01
T8956202Y,Dyan Chappel,M,B,HIV/ AIDS,77,516334,34.1,2020-07-08
S0849088N,Heather Daniels,F,B,Chickenpox,74,246743,37.0,2003-08-18
F5551420G,Sharon Hogue,F,A,Anthrax,36,202300,37.2,2017-04-25
F7887128Z,Maryann Yurko,F,A,Rabies,48,300963,28.9,1991-02-26
G9936739X,Emma Fazio,M,O,Smallpox,37,693445,28.4,2009-08-12
G5927721E,Walter Lewis,M,O,Diphtheria,37,665158,37.1,2013-03-06
F1485136S,Matthew Mullens,F,B,Typhoid,20,246259,25.3,2014-01-20
S8317190B,Bertha Bullard,M,O,Hepatitis,87,613704,37.5,2006-05-26
T5688055O,Thomas Smart,F,AB,HIV/ AIDS,46,467228,34.9,1995-03-15
F9329439P,Elizabeth Gooding,M,B,COVID-19,84,408505,27.2,1992-12-14
S7789555T,Gregory Victorine,M,A,Dengue,39,481303,30.8,1998-09-12
S5293784F,Melda Harcourt,F,B,Pneumococcal,44,520505,32.3,1995-11-09
F8118959V,Janice Torres,F,B,Rubella,19,250603,33.7,2016-05-02
T0362580W,Denise Thompson,M,O,Measles,58,312299,38.8,1991-10-16
G3970748B,Tyrone Liberti,F,AB,Chikungunya,77,381582,21.2,1996-04-01
F0632370B,Michael Stephens,F,O,Conjunctivitis,70,271029,33.2,1996-01-22
F3704834W,Dortha Mielke,F,A,Typhoid,48,542243,27.3,1992-01-18
S7086025R,Hubert Larowe,F,A,Food Poisoning,71,106961,39.1,2014-08-15
G8404316N,Kathy Davis,F,A,Typhoid,56,219953,26.7,2022-04-22
G6197813L,Jose Spindler,M,AB,Cholera,85,609846,32.3,2000-10-10
G6678048H,Ellen Stratton,M,B,Influenza,51,596809,21.0,2021-10-01
T2063032M,John Johnson,F,B,Chikungunya,22,487797,19.4,1994-02-15
T9244747H,John Birt,M,O,Measles,47,369575,20.1,1991-12-31
F3349661E,Wendy Crossman,F,AB,Diphtheria,55,575765,25.1,2022-05-10
S2673708E,Pearl English,M,AB,Cholera,57,482626,25.5,2010-04-20
T8727135G,Wilhelmina Ransom,F,B,Typhoid,56,519648,29.4,2010-07-04
T9590470U,Margaret Smitley,M,A,Rabies,46,375178,20.6,1997-03-24
S8001220D,Sharon Tallerico,M,B,Food Poisoning,48,367454,23.6,1995-01-23
G5518709U,Andrew Glidden,M,O,Hepatitis,44,664418,25.4,1997-09-03
T0031531V,Laura Henderson,F,B,Influenza,59,402672,25.5,1991-07-15
G0273214E,Liliana Lukasiewicz,F,AB,Cholera,51,751881,35.8,2013-03-21
T3675556Z,Gertrud Martin,F,B,Pneumococcal,63,646553,22.6,2006-11-25
F2279005M,Todd Purtell,M,O,Tuberculosis,72,558796,26.7,2004-11-11
F6965720L,Joseph Fry,F,B,Influenza,31,164064,30.8,1996-04-03
F0606688W,Erin Allen,M,B,Mumps,45,312027,34.2,2001-04-04
G7590660S,Clifford Jones,F,A,Plague,60,653157,37.3,2018-01-16
G7575303W,Tia Patterson,M,O,Smallpox,73,655102,28.3,2013-03-28
G7004376A,Joaquin Tyus,M,O,Dengue,45,312498,19.3,2010-05-02
G1405121L,Rebecca Gaston,F,B,Diphtheria,80,685821,22.5,2005-04-25
G4785014S,Trevor Edwards,M,B,Cholera,50,163879,22.8,1997-11-22
F3265332N,William Mendoza,M,B,Food Poisoning,77,228223,35.0,2014-11-23
S3278781H,Candice Miller,F,AB,HIV/ AIDS,50,566589,33.0,2016-04-03
S9649534H,Linda Kennedy,F,B,Influenza,63,183657,27.0,2000-09-26
S1413672W,Ashley Ashmore,M,A,Pneumococcal,79,488785,22.3,1991-07-01
T5365416J,Wanda Ternullo,M,O,Measles,21,313158,28.0,2019-10-24
T3160182K,John Johnson,F,O,Smallpox,75,676570,29.6,1996-05-27
G7467956A,Robert Carson,M,AB,Measles,52,406200,31.6,1995-03-24
G5236720N,Nancy Clarke,M,A,Food Poisoning,51,273938,29.6,1996-04-24
F9805248Z,Jarrett Short,M,B,Chickenpox,72,383248,31.4,1998-12-22
T7172140A,Bobby Hampton,F,B,Influenza,25,153244,23.2,2004-12-03
T6837534X,Shelly Irvin,F,AB,Mumps,71,571671,31.9,1998-06-02
S4765410M,Steven Garcia,F,A,Dengue,44,341726,33.4,2005-11-21
G7708471Z,Mark Mcgowan,F,AB,Diphtheria,58,671139,32.4,2019-11-17
F5232784N,Crystal Witham,M,A,Anthrax,21,643456,37.9,2012-05-18
F3423300M,Cristina Sloan,M,A,Pneumococcal,75,238418,26.7,2002-06-26
T4499257W,Alison Stewart,F,AB,Measles,53,736330,18.8,1996-06-11
T2836750X,Andrea Jeans,F,B,Pneumococcal,71,131278,38.3,1990-12-30
T3682541G,Kathleen Spence,F,AB,Mumps,34,604739,19.0,2001-09-30
G3539338K,Grant Medeiros,M,O,Rabies,87,731740,23.6,2013-10-21
T9260200M,Charles Renn,M,A,Chikungunya,67,621481,35.2,1990-04-04
F8829971P,Janice Martin,F,B,HIV/ AIDS,88,755319,36.7,1994-08-11
F3885026D,Curtis Adamczyk,F,O,Mumps,64,121499,36.0,2008-11-30
S6120608S,Vanessa Matthews,F,O,Diphtheria,18,689291,34.2,1991-07-10
T4488328A,Michael Koehn,F,O,Hepatitis,19,461554,21.6,1994-09-20
G1378941O,Eric Mcdonald,M,O,Plague,32,307573,20.4,1990-10-03
G4703880R,Adele Goldberg,F,B,Tuberculosis,44,404816,22.1,2009-02-08
G5846227X,Harry Woods,F,A,Conjunctivitis,32,591439,28.7,2019-04-12
G1519856T,Sallie Collazo,F,O,Anthrax,45,655648,38.8,2014-12-15
T6228829F,Jeremy Copper,M,A,COVID-19,24,347493,33.9,2020-01-29
S4517650F,Silvia Walker,F,AB,Anthrax,26,541148,20.0,2017-11-28
G2498828V,David Wilson,M,AB,Nipah,19,594046,28.1,2019-01-31
G4721030C,Tanya Cromartie,F,AB,Measles,36,212895,19.3,2010-01-11
G7657127Y,Etta Straker,F,AB,Smallpox,40,752775,21.4,2020-02-12
G2430144Z,Annie Warncke,F,O,Anthrax,72,351494,27.7,2011-11-06
G1040505T,Sally Bramlet,M,A,Chickenpox,39,518345,32.0,2004-06-18
S6271723B,Dorothy Dowdy,M,AB,Nipah,42,372376,38.4,2000-06-14
F6079235H,Elaine Savage,F,O,Chikungunya,29,287883,28.0,2002-11-25
S5104821T,Lynda Lewis,F,O,Chikungunya,34,407664,31.4,2021-06-01
T3583613S,Robert Curry,F,A,Mumps,18,753164,37.5,2019-03-16
F5955740R,John Stone,F,A,Dengue,87,224823,22.1,2000-07-04
G3935072Y,Katherine Tang,M,A,Rabies,35,793422,28.0,2017-11-02
F8693659B,David Thomas,F,O,Smallpox,85,366317,21.1,2003-06-03
S9978736G,Dorothy Ault,M,O,Typhoid,25,361403,20.4,1999-04-15
T0577087L,Rebecca Martin,M,B,Influenza,87,274469,36.3,2009-01-20
F6694398D,Betty Francis,F,AB,Dengue,86,779136,28.0,1990-04-21
T0815550V,Caitlin Heichel,F,A,Mumps,22,629879,29.3,1994-04-25
S4801905D,Wanda Simmons,F,B,Cholera,69,558282,20.4,1999-07-10
T6533330V,Michael Creamer,F,AB,Food Poisoning,59,248157,36.2,2001-07-04
F8422711J,Bernice Lyons,M,B,Chickenpox,87,177358,36.5,2018-09-17
T1346966O,Sylvia Jung,F,O,Influenza,60,792199,34.5,1994-07-07
T8266997B,Josephine Begor,M,A,Pneumococcal,58,207111,31.2,2006-02-19
T3263551R,Wayne Fairbanks,M,B,Chikungunya,20,502988,25.7,2006-11-06
F4547761H,Deborah Campbell,F,O,Chikungunya,38,591427,37.5,2006-09-29
S7236380Q,Katie Wilkerson,M,A,Food Poisoning,66,291236,38.5,2014-01-21
S0697629B,Donald Taylor,M,O,Nipah,78,148800,34.9,2018-03-11
S4064183L,Giovanni Roberts,M,B,Diphtheria,58,486950,37.8,2014-04-16
G9311433Z,Sharon Lynn,F,A,Rabies,73,688930,22.3,1997-06-11
S5289807N,Anna Watson,F,AB,COVID-19,58,239482,36.9,2000-10-25
S3790932U,Ross Vanhorn,M,B,Malaria,70,654160,25.8,1997-04-28
G2787938Y,Gregory Eaddy,M,O,Measles,20,222426,31.0,2000-09-07
T6883643E,Ellen Privett,M,O,Malaria,64,175328,33.8,1991-02-05
G0900970B,James Robinson,F,AB,Rubella,80,693172,37.7,2008-05-11
T5522863O,David Peters,F,A,Nipah,27,488157,34.3,1992-11-19
F6576102X,Jeremy Zahn,M,O,Cholera,88,560016,21.8,2019-05-23
T5384663D,Jane Wick,F,AB,Chikungunya,47,190912,37.8,2003-07-11
T3591981O,Aretha Mctaggart,M,O,Food Poisoning,41,330236,28.7,1999-01-25
G1376732V,Vicky Hoffman,F,AB,HIV/ AIDS,41,165729,19.8,2007-10-23
G7227404W,Mae Speigel,F,O,Conjunctivitis,66,339344,25.6,1990-07-18
G8851137G,Darryl Castro,F,A,Malaria,34,450226,28.1,2004-08-10
G1225308M,Irvin Davis,F,A,Anthrax,19,682790,39.3,2002-02-01
T0187935G,Wallace Russ,F,AB,Rabies,83,740588,21.7,1995-04-28
F4205375Q,Kristopher Gordon,M,B,Plague,82,726547,29.8,1996-11-17
T9038535X,Donald Gray,F,AB,Influenza,20,691409,20.7,2021-07-12
F0645856Y,Charles Havens,M,B,Typhoid,70,173199,29.1,2004-01-23
G6367382D,Vicki Mcnutt,F,O,Influenza,28,676577,21.6,2000-11-28
S4252619K,Tina Cotton,F,O,Tuberculosis,40,650011,39.2,2011-02-20
F3515749E,Edward Lum,F,AB,Rabies,54,709937,37.1,1991-12-20
S7710500C,Rebecca Tompkins,M,A,Cholera,66,103072,24.7,1997-01-30
S7446074L,James Pelkey,F,O,HIV/ AIDS,42,703203,24.1,1998-12-08
G4319808V,Rowena Megown,M,A,Tuberculosis,89,467111,24.1,1994-06-18
G6893095E,Arthur Norris,F,AB,Rubella,88,754855,38.8,2000-11-28
F7455107R,Brent Guzman,F,O,Rabies,61,667151,36.9,2021-08-13
G1040471C,Marlene Bowers,M,O,Measles,50,267601,24.1,1993-07-23
S7472724V,Mary Bernard,F,A,Mumps,57,499330,29.8,1994-04-19
F9953629T,Marion Zieman,M,A,Hepatitis,76,555099,38.2,2018-02-25
F5254581Z,Leatha Styles,M,A,Rubella,22,298992,28.5,1994-08-07
S5126426A,Kenneth Nichols,F,A,Influenza,61,415540,23.9,2018-02-25
F7792922R,Daniel Schneider,F,AB,Rabies,22,656472,19.1,2015-10-20
T2718695Z,Grant Bushee,F,O,Mumps,66,218834,35.8,1992-01-28
T0240232W,Minnie Watkins,M,AB,Anthrax,50,235450,20.0,2003-11-11
F7737109A,Joshua Centeno,M,O,Malaria,47,477294,28.6,2005-09-27
T9533593E,Randall Gross,F,A,COVID-19,44,296855,24.1,2012-05-20
S6993904Y,Joseph Fitzpatrick,F,B,Nipah,45,354980,20.9,2016-05-27
G7277842W,Lavone Gregg,F,B,Cholera,39,483263,27.5,2001-06-27
G7179993E,Gale Stewart,F,AB,Cholera,63,661505,22.2,1992-07-12
T7800522Q,Aaron Cummings,F,O,Nipah,42,382277,35.9,1999-08-21
S1159133E,Sheila Decker,F,AB,Rabies,86,379892,24.5,2010-11-07
S4310736E,Adrian Smith,M,A,Measles,89,636081,34.6,2016-10-27
G5090192T,Terry Butler,F,AB,Smallpox,77,591852,32.5,2006-11-21
F1310472T,Annie Cassidy,F,O,Pneumococcal,82,166564,26.4,2011-10-12
T1906453P,Shawn Mccants,M,B,Mumps,54,160159,33.2,1997-01-22
S5190431S,Herbert Coleman,M,B,Influenza,32,453644,33.6,2021-01-17
T1942555L,John Hill,F,O,Hepatitis,18,572455,27.8,1996-12-06
F0535001O,Thomas Banderas,F,O,Hepatitis,40,674707,31.5,1990-09-26
G3284619L,Philip Borg,F,A,Diphtheria,54,177625,34.9,2004-10-07
G0218879J,Kristel Armstead,F,O,Conjunctivitis,51,524524,31.0,1995-05-09
G7486557E,Hazel Williams,F,AB,Malaria,44,605916,20.6,2007-03-18
F1699859Z,Michael Lyles,F,A,Rabies,41,185547,21.0,2015-10-20
T7913967H,Amanda Stansbury,F,AB,Conjunctivitis,59,782927,21.8,1990-11-26
S6547686R,Tracy Blunt,F,O,Diphtheria,65,100219,38.7,2016-05-19
T6327711O,Edward Barnett,F,A,Dengue,53,655955,30.4,2014-09-07
F6894221G,Ron Smith,F,B,Diphtheria,61,654090,28.0,2018-01-03
F2630034G,Joseph Taylor,F,AB,HIV/ AIDS,68,378137,32.5,2021-11-04
F2026049H,Meghan Schulman,F,A,Chikungunya,18,763161,39.4,2007-06-07
G9057330L,Stewart Brown,F,O,Smallpox,75,780282,37.2,1995-03-17
T2866815I,Shirley Huggins,M,O,Mumps,54,180710,32.8,2011-02-20
G7295496K,Virginia Dill,F,A,Dengue,48,246988,36.6,2004-03-20
G2548464Y,Frederick Vildosola,M,AB,Mumps,67,477980,21.5,2015-04-03
S1548364E,Willie Anderson,F,AB,Measles,27,639919,20.0,1990-02-14
F4352442P,Stanley Runyon,F,O,Mumps,46,411322,25.0,2005-05-12
F2751292I,Cindy Wall,M,A,Rubella,48,734496,38.6,2001-04-29
G2313112W,Angela Reif,M,O,Dengue,53,209915,35.5,2002-04-28
T2081589D,Mark Lewandowski,M,A,Chikungunya,33,496798,26.4,2004-04-05
S1080832P,Amanda Fox,M,O,Chickenpox,62,432015,36.4,2017-03-02
F6959698N,Ana Holmes,M,O,Plague,32,600435,25.8,2002-11-08
F5718250R,Betty Powell,M,AB,Nipah,25,417321,38.8,2015-03-08
S0560099O,Miguel Friedman,F,O,Chickenpox,34,587490,38.9,2009-06-29
S8964601A,Yetta Cruz,F,A,Conjunctivitis,40,328498,18.7,2017-04-07
F4700556E,Mary Elsey,M,B,Mumps,36,441513,27.2,1999-06-09
T2594778K,Mark Garcia,F,B,Chickenpox,81,563767,19.2,2008-05-12
S6798075S,Desiree Clemons,F,A,Plague,79,505864,39.9,2010-08-04
T4445134K,Hilton Carpenter,F,O,Mumps,74,204823,18.8,2019-09-18
T7606946R,Marta Kirk,M,O,Chikungunya,52,707563,22.2,2008-12-29
S1251965V,Nancy Mcnamara,M,A,Smallpox,42,761240,33.0,2009-08-10
G1595974M,Christopher Ginn,F,AB,COVID-19,62,632513,20.0,1993-06-08
F1519316S,Porsche Currier,M,O,Diphtheria,30,318154,22.1,2012-03-12
S5357272S,Mark Warnock,M,AB,COVID-19,79,642236,24.5,2017-03-14
G2208240G,Charlotte Hays,M,B,Cholera,82,805364,27.8,2014-03-26
G5846431V,Donald Osegueda,M,AB,Anthrax,82,571174,30.2,2001-02-23
S8754919L,Paula Shelton,F,B,Chickenpox,64,359159,18.7,2003-06-15
G0344119M,Henrietta Lu,M,AB,HIV/ AIDS,44,755258,39.4,1995-09-29
F0917764B,Mark Taylor,M,AB,Malaria,78,376777,21.4,2017-01-01
T3085629F,Julie Avella,M,A,COVID-19,23,685974,34.5,2021-03-29
T2462763B,Phyllis Hersey,F,A,Chikungunya,45,777765,32.2,2010-04-03
T2832928W,Jack Brodie,F,O,Malaria,62,286477,20.5,2010-10-24
F5373880T,Chris Chairez,M,AB,Plague,71,348721,33.0,1993-10-11
F2637004U,Dewayne Luna,F,A,Nipah,20,442163,33.0,1994-08-30
G4555610R,Troy Wilson,F,AB,Rubella,55,745641,20.2,2009-12-24
T4223627Y,David Noman,M,AB,Tuberculosis,64,697653,23.1,1997-01-21
S7645770X,Frank Knox,M,B,Malaria,29,551969,21.5,2017-08-03
S0128882U,Steven Cearns,F,A,Food Poisoning,48,572238,27.2,1994-01-15
F9216509D,Larry Cotton,F,A,Chickenpox,21,220837,37.8,1991-01-27
G7962602Y,Amanda Blackstone,M,B,Hepatitis,73,744178,39.7,2013-08-30
T2963820W,Jessica Lalonde,M,AB,Rubella,37,681020,23.7,2005-07-02
T0847814T,William Pinkston,M,A,HIV/ AIDS,28,596996,34.9,1998-03-31
T7069010J,Henry Melendez,M,B,Chikungunya,36,657911,19.0,2006-04-13
G9243812S,Angeline Richardson,M,AB,Plague,41,440887,35.7,1999-03-12
G6881471U,James Hawk,M,B,Plague,35,451652,31.3,2022-04-21
G7530817O,Kimberly Kirkland,M,A,Chickenpox,22,380596,32.2,2021-11-03
F3119857O,Gregory Thompson,F,A,Anthrax,86,133715,20.6,2007-11-19
F4703349X,Jerry Shaw,M,A,Cholera,27,660664,37.9,2020-06-13
S4760236N,Kenneth Ward,F,B,Mumps,88,199684,19.9,1996-03-01
F7893952J,Henry Lane,F,B,Chickenpox,55,165133,31.0,2006-06-29
G5232865R,Vera Doyle,M,AB,Rubella,61,709311,30.2,2005-08-27
T0884666P,Sammie Silvera,M,A,Plague,52,803111,19.7,2008-06-09
G0260005R,Jon Craft,F,AB,Cholera,89,353643,37.7,1998-04-22
T6251994M,Brian Harris,F,B,Typhoid,26,320185,27.0,1998-06-05
G2984191Y,Arturo Flanagan,F,B,Rubella,41,254886,38.8,2008-03-05
S9464936K,William Morris,M,B,HIV/ AIDS,71,195457,27.0,2011-02-02
T8782134H,Marcella Rendon,M,A,Pneumococcal,86,614424,35.5,1994-01-03
F7281729M,John Moster,M,A,Plague,85,113748,34.3,2020-07-20
F9697810B,Michael Johnson,M,AB,Pneumococcal,35,613841,33.1,2021-02-21
